"muestra","n","precio_medio","precio_mediana","pct_apartamento","bedrooms_medio"
"Bogotá (train)",38644,654.534675291405,559.99,75.5020184245937,3.1446020080737
"Chapinero (test)",10286,NA,NA,97.3361851059693,2.38090608594206
