"modelo","cv_mae_mean","cv_mae_sd","sp_mae_mean","sp_mae_sd"
"Linear Regression",201975337.54545,8942245.95968489,195283518.014746,21252293.540095
