"modelo","cv_mae_mean","cv_mae_sd","sp_mae_mean","sp_mae_sd"
"Linear Regression",202263035.007131,9404561.51123444,195202321.25928,21321231.0640514
