"modelo","cv_mae_mean","cv_mae_sd","sp_mae_mean","sp_mae_sd"
"Linear Regression",202184244.909602,9457170.13114715,195203144.715805,21230922.4550146
